query,expected_title
"husband becomes main suspect in wife disappearance Ben Affleck","Gone Girl"
"Two magicians engage in competitive one-upmanship Hugh Jackman","The Prestige"
"Batman begins his journey to protect Gotham Christian Bale","Batman Begins"
"Inception dream within a dream heist movie Leonardo DiCaprio","Inception"
"Interstellar space travel to save humanity Matthew McConaughey","Interstellar"
"A group of Boston-bred gangsters set up shop in Florida Ben Affleck","Live by Night"
"CIA specialist plan to free six Americans in Iran Ben Affleck","Argo"
"A guy moves back to Portland mystery of his ex-girlfriend's disappearance","Cold Weather"
"failed marriage fragile mental history artist moves to small-town Pennsylvania","The Cry of the Owl"
"Doug MacRay longtime thief looking for his chance to exit the game","The Town"
"Man with short term memory loss tries to find his wife's killer using tattoos","Memento"
"Secret agent travels through time using inversion to prevent World War III","Tenet"
"U.S. Marshal investigates a psychiatric facility on a remote island Leonardo DiCaprio","Shutter Island"
"An undercover cop and a mole in the police attempt to identify each other","The Departed"
"Intertwined stories of Los Angeles hitmen and a boxer Quentin Tarantino","Pulp Fiction"
"Freed slave turns bounty hunter to rescue his wife from a plantation Jamie Foxx","Django Unchained"
"Retired assassin goes on a rampage after his dog is killed Keanu Reeves","John Wick"
"Noble family becomes embroiled in a war for control of the galaxy's most valuable asset","Dune"
"Story of the American scientist and his role in developing the atomic bomb Cillian Murphy","Oppenheimer"
"Poor family schemes to become employed by a wealthy family by infiltrating their household","Parasite"
"Chinese immigrant is swept up in an insane adventure across the multiverse","Everything Everywhere All at Once"
"Batman faces a psychopathic criminal mastermind known as the Joker","The Dark Knight"
"Insomniac office worker and a soap maker form an underground fight club","Fight Club"
"Computer hacker learns about the true nature of his reality and the war with machines","The Matrix"
"Two detectives hunt a serial killer who uses the seven deadly sins as motifs","Se7en"
"Former Roman General sets out to exact vengeance against the corrupt emperor Russell Crowe","Gladiator"
"A woman rebels against a tyrannical ruler in post-apocalyptic Australia Tom Hardy","Mad Max: Fury Road"
"Promising young drummer enrolls at a cut-throat music conservatory J.K. Simmons","Whiplash"
"Young blade runner unearths a long-buried secret that could plunge society into chaos","Blade Runner 2049"
"Linguist works with the military to communicate with alien newcomers Amy Adams","Arrival"
"Programmer is invited to test the human qualities of a highly advanced humanoid AI","Ex Machina"
"Lonely writer develops an unlikely relationship with an operating system","Her"
"Young African-American visits his white girlfriend's parents for the weekend Daniel Kaluuya","Get Out"
"Grieving family is haunted by tragic and disturbing occurrences Toni Collette","Hereditary"
"Family heads to an isolated hotel for the winter where a sinister presence Jack Nicholson","The Shining"
"Hunter stumbles upon a drug deal gone wrong and more than two million dollars","No Country for Old Men"
"Idealistic FBI agent is enlisted by a government task force to aid in the war on drugs","Sicario"
"When his daughter and her friend go missing a father takes matters into his own hands","Prisoners"
"A con man enters the world of L.A. crime journalism Jake Gyllenhaal","Nightcrawler"
"Faded actor best known for playing a superhero attempts a comeback on Broadway","Birdman"
"Party clown and a failed stand-up comedian is disregarded and mistreated by society Joaquin Phoenix","Joker"
"Two British soldiers are given a seemingly impossible mission during World War I","1917"
"Weary Wolverine cares for an ailing Professor X in a hideout on the Mexican border","X-Men Origins: Wolverine"
"Rise and fall of a wealthy stock-broker living the high life Leonardo DiCaprio","The Wolf of Wall Street"
"Detective investigates the death of a patriarch of an eccentric combative family","Knives Out"
"The story of the founding of Facebook by student and the legal battles that followed","The Social Network"
"San Francisco cartoonist becomes an amateur detective obsessed with tracking the Zodiac Killer","Zodiac"
"young FBI trainee looking for help of serial cannibal killer","The Silence of the Lambs"
"The story of Henry Hill and his life in the mob Ray Liotta Robert De Niro","Goodfellas"
"A drama romance movie about a guy from Alabama with a low IQ who ran in many countries.","Forrest Gump"
"action, epic movies about ancient Greeks their mythology, God`s, battles, voyages, adventures and wars","Troy"
"movie where toys come to life","Toy Story 2"
"love story based on historical events where giant ship that hits an iceberg","Titanic"
"a psychologist treats a boy who sees ghosts","The Sixth Sense"
"Farm boy joins a galactic rebellion and learns about the Force","Star Wars"
"Hobbit journeys to a volcano to destroy a powerful ring","The Lord of the Rings: The Fellowship of the Ring"
"The patriarch of a crime dynasty transfers control to his reluctant son","The Godfather"
"Twelve jurors debate the guilt of a young man in a small room","12 Angry Men"
"Lion prince flees home after his father's death only to return as an adult","The Lion King"
"Scientists and children visit a theme park with cloned dinosaurs","Jurassic Park"
"Scientists go behind enemy lines in WWII to find a man whose brothers were killed","Saving Private Ryan"
"Insurance salesman discovers his whole life is a reality TV show","The Truman Show"
"Couple undergoes a procedure to erase each other from their memories","Eternal Sunshine of the Spotless Mind"
"Jazz pianist and aspiring actress fall in love in Los Angeles","La La Land"
"Shy waitress in Paris decides to change the lives of those around her","Amélie"
"Italian-American bouncer drives a Black pianist through the 1960s South","Green Book"
"Man is kidnapped and imprisoned for 15 years without knowing why","Oldboy"
"Teenager travels back to the 1950s in a DeLorean time machine","Back to the Future"
"Superheroes use time travel to undo a galactic genocide","Avengers: Endgame"
"The Bride seeks revenge on her former colleagues who tried to kill her","Kill Bill: Vol. 1"
"Professional hitman protects a 12-year-old girl after her family is murdered","Léon: The Professional"
"Veteran pilot trains a new group of graduates for a dangerous mission","Top Gun: Maverick"
"Troubled teenager is visited by a giant rabbit who tells him the world is ending","Donnie Darko"
"Ballerina descends into madness while preparing for the lead role in Swan Lake","Black Swan"
"Free Black man from New York is kidnapped and sold into slavery","12 Years a Slave"
"True story of the Boston Globe's investigation into the Catholic Church","Spotlight"
"German boy discovers his mother is hiding a Jewish girl in their attic during WWII","Jojo Rabbit"
"Hollywood stunt driver moonlights as a getaway driver Ryan Gosling","Drive"
"Wealthy investment banker hides his bloodlust from his shallow associates","American Psycho"
"Ogre goes on a quest to rescue a princess to get his swamp back","Shrek"
"A rat who can cook makes an alliance with a kitchen worker in Paris","Ratatouille"
"Young girl enters a world of spirits and works in a bathhouse to save parents","Spirited Away"
"Iconic doll enters the real world to find her true purpose","Barbie"
"A group of professional bank robbers pursued by an obsessive detective Al Pacino","Heat"
"Jewish-American soldiers plot to assassinate Nazi leaders in occupied France","Inglourious Basterds"
"Scottish warrior leads a rebellion against the English king Mel Gibson","Braveheart"
"The crew of a spacecraft encounters a deadly extraterrestrial life form","Alien"
"Boy travels to the Land of the Dead to find his musician ancestor","Coco"
"Teenager becomes a web-slinger and meets other versions of himself","Spider-Man: Into the Spider-Verse"
"African king defends his high-tech nation from a dangerous usurper","Black Panther"
"Man travels through the multiverse to find his daughter in different realities","Doctor Strange in the Multiverse of Madness"
"A mute woman falls in love with a high-security lab creature","The Shape of Water"
"Four outsiders in high finance predict the housing bubble collapse","The Big Short"
"A mathematician with schizophrenia wins the Nobel Prize Russell Crowe","A Beautiful Mind"
"Brilliant but rebellious janitor at MIT solves difficult math problems","Good Will Hunting"
"A former hitman tries to settle down but is pulled back for one last job","The Irishman"
"Disturbing story about a nurse who becomes obsessed with her patient","Saint Maud"
"Young woman discovers her family's dark secret at a midsummer festival in Sweden","Midsommar"
"Couple visits an exclusive restaurant on an island where the chef has a dark plan","The Menu"
"The life of a domestic worker for a middle-class family in Mexico City","Roma"